timeStamp,elapsed,label,responseCode,responseMessage,threadName,dataType,success,failureMessage,bytes,sentBytes,grpThreads,allThreads,URL,Latency,IdleTime,Connect
1605166900284,13984,Get all issues in Project,200,,Thread Group 1-2,text,true,,840158,274,11,11,https://jira-rh1-manual.apps.rh1-manual.w4p5.p1.openshiftapps.com/rest/api/2/search?jql=project=ORG,4683,0,865
1605166901176,13150,Get all issues in Project,200,,Thread Group 1-3,text,true,,840150,274,11,11,https://jira-rh1-manual.apps.rh1-manual.w4p5.p1.openshiftapps.com/rest/api/2/search?jql=project=ORG,4669,0,872
1605166903905,10464,Get all issues in Project,200,,Thread Group 1-6,text,true,,839991,274,11,11,https://jira-rh1-manual.apps.rh1-manual.w4p5.p1.openshiftapps.com/rest/api/2/search?jql=project=ORG,4565,0,879
1605166914274,449,Get Issue,200,,Thread Group 1-2,text,true,,17585,266,11,11,https://jira-rh1-manual.apps.rh1-manual.w4p5.p1.openshiftapps.com/rest/api/2/issue/JIRA-126,449,0,0
1605166914328,445,Get Issue,200,,Thread Group 1-3,text,true,,17584,266,11,11,https://jira-rh1-manual.apps.rh1-manual.w4p5.p1.openshiftapps.com/rest/api/2/issue/JIRA-126,444,0,0
1605166914372,434,Get Issue,200,,Thread Group 1-6,text,true,,17577,266,11,11,https://jira-rh1-manual.apps.rh1-manual.w4p5.p1.openshiftapps.com/rest/api/2/issue/JIRA-126,433,0,0
1605166914725,354,Get Project,200,,Thread Group 1-2,text,true,,32016,264,11,11,https://jira-rh1-manual.apps.rh1-manual.w4p5.p1.openshiftapps.com/rest/api/2/project/JIRA,353,0,0
1605166914774,346,Get Project,200,,Thread Group 1-3,text,true,,32016,264,11,11,https://jira-rh1-manual.apps.rh1-manual.w4p5.p1.openshiftapps.com/rest/api/2/project/JIRA,345,0,0
1605166914807,350,Get Project,200,,Thread Group 1-6,text,true,,32015,264,11,11,https://jira-rh1-manual.apps.rh1-manual.w4p5.p1.openshiftapps.com/rest/api/2/project/JIRA,348,0,0
1605166902084,13443,Get all issues in Project,200,,Thread Group 1-4,text,true,,840142,274,11,11,https://jira-rh1-manual.apps.rh1-manual.w4p5.p1.openshiftapps.com/rest/api/2/search?jql=project=ORG,4896,0,851
1605166904807,10720,Get all issues in Project,200,,Thread Group 1-7,text,true,,840005,274,11,11,https://jira-rh1-manual.apps.rh1-manual.w4p5.p1.openshiftapps.com/rest/api/2/search?jql=project=ORG,4820,0,1135
1605166899431,16164,Get all issues in Project,200,,Thread Group 1-1,text,true,,840188,274,11,11,https://jira-rh1-manual.apps.rh1-manual.w4p5.p1.openshiftapps.com/rest/api/2/search?jql=project=ORG,5361,0,1496
1605166915529,463,Get Issue,200,,Thread Group 1-4,text,true,,17584,266,11,11,https://jira-rh1-manual.apps.rh1-manual.w4p5.p1.openshiftapps.com/rest/api/2/issue/JIRA-126,461,0,0
1605166915529,465,Get Issue,200,,Thread Group 1-7,text,true,,17575,266,11,11,https://jira-rh1-manual.apps.rh1-manual.w4p5.p1.openshiftapps.com/rest/api/2/issue/JIRA-126,464,0,0
1605166915596,408,Get Issue,200,,Thread Group 1-1,text,true,,17579,266,11,11,https://jira-rh1-manual.apps.rh1-manual.w4p5.p1.openshiftapps.com/rest/api/2/issue/JIRA-126,408,0,0
1605166902996,13085,Get all issues in Project,200,,Thread Group 1-5,text,true,,840048,274,11,11,https://jira-rh1-manual.apps.rh1-manual.w4p5.p1.openshiftapps.com/rest/api/2/search?jql=project=ORG,4568,0,862
1605166905721,10418,Get all issues in Project,200,,Thread Group 1-8,text,true,,840009,274,11,11,https://jira-rh1-manual.apps.rh1-manual.w4p5.p1.openshiftapps.com/rest/api/2/search?jql=project=ORG,4521,0,865
1605166915993,377,Get Project,200,,Thread Group 1-4,text,true,,32014,264,11,11,https://jira-rh1-manual.apps.rh1-manual.w4p5.p1.openshiftapps.com/rest/api/2/project/JIRA,365,0,0
1605166915994,378,Get Project,200,,Thread Group 1-7,text,true,,32016,264,11,11,https://jira-rh1-manual.apps.rh1-manual.w4p5.p1.openshiftapps.com/rest/api/2/project/JIRA,376,0,0
1605166916005,380,Get Project,200,,Thread Group 1-1,text,true,,32015,264,11,11,https://jira-rh1-manual.apps.rh1-manual.w4p5.p1.openshiftapps.com/rest/api/2/project/JIRA,377,0,0
1605166916083,434,Get Issue,200,,Thread Group 1-5,text,true,,17586,266,11,11,https://jira-rh1-manual.apps.rh1-manual.w4p5.p1.openshiftapps.com/rest/api/2/issue/JIRA-126,433,0,0
1605166916141,443,Get Issue,200,,Thread Group 1-8,text,true,,17585,266,11,11,https://jira-rh1-manual.apps.rh1-manual.w4p5.p1.openshiftapps.com/rest/api/2/issue/JIRA-126,442,0,0
1605166916518,366,Get Project,200,,Thread Group 1-5,text,true,,32015,264,11,11,https://jira-rh1-manual.apps.rh1-manual.w4p5.p1.openshiftapps.com/rest/api/2/project/JIRA,365,0,0
1605166915158,1734,Get all projects,200,,Thread Group 1-6,text,true,,794413,259,11,11,https://jira-rh1-manual.apps.rh1-manual.w4p5.p1.openshiftapps.com/rest/api/2/project,503,0,0
1605166906621,10280,Get all issues in Project,200,,Thread Group 1-9,text,true,,840139,274,10,10,https://jira-rh1-manual.apps.rh1-manual.w4p5.p1.openshiftapps.com/rest/api/2/search?jql=project=ORG,4507,0,863
1605166916585,344,Get Project,200,,Thread Group 1-8,text,true,,32015,264,10,10,https://jira-rh1-manual.apps.rh1-manual.w4p5.p1.openshiftapps.com/rest/api/2/project/JIRA,342,0,0
1605166915121,1973,Get all projects,200,,Thread Group 1-3,text,true,,794574,259,10,10,https://jira-rh1-manual.apps.rh1-manual.w4p5.p1.openshiftapps.com/rest/api/2/project,512,0,0
1605166916903,465,Get Issue,200,,Thread Group 1-9,text,true,,17582,266,9,9,https://jira-rh1-manual.apps.rh1-manual.w4p5.p1.openshiftapps.com/rest/api/2/issue/JIRA-126,464,0,0
1605166915080,2503,Get all projects,200,,Thread Group 1-2,text,true,,794573,259,9,9,https://jira-rh1-manual.apps.rh1-manual.w4p5.p1.openshiftapps.com/rest/api/2/project,532,0,0
1605166907535,10130,Get all issues in Project,200,,Thread Group 1-10,text,true,,839947,274,8,8,https://jira-rh1-manual.apps.rh1-manual.w4p5.p1.openshiftapps.com/rest/api/2/search?jql=project=ORG,4446,0,847
1605166917369,366,Get Project,200,,Thread Group 1-9,text,true,,32016,264,8,8,https://jira-rh1-manual.apps.rh1-manual.w4p5.p1.openshiftapps.com/rest/api/2/project/JIRA,364,0,0
1605166916372,1586,Get all projects,200,,Thread Group 1-4,text,true,,794525,259,8,8,https://jira-rh1-manual.apps.rh1-manual.w4p5.p1.openshiftapps.com/rest/api/2/project,441,0,0
1605166916373,1652,Get all projects,200,,Thread Group 1-7,text,true,,794515,259,7,7,https://jira-rh1-manual.apps.rh1-manual.w4p5.p1.openshiftapps.com/rest/api/2/project,472,0,0
1605166917667,407,Get Issue,200,,Thread Group 1-10,text,true,,17574,266,6,6,https://jira-rh1-manual.apps.rh1-manual.w4p5.p1.openshiftapps.com/rest/api/2/issue/JIRA-126,406,0,0
1605166918075,388,Get Project,200,,Thread Group 1-10,text,true,,32015,264,6,6,https://jira-rh1-manual.apps.rh1-manual.w4p5.p1.openshiftapps.com/rest/api/2/project/JIRA,382,0,0
1605166916929,1602,Get all projects,200,,Thread Group 1-8,text,true,,794413,259,6,6,https://jira-rh1-manual.apps.rh1-manual.w4p5.p1.openshiftapps.com/rest/api/2/project,426,0,0
1605166916386,2240,Get all projects,200,,Thread Group 1-1,text,true,,794470,259,5,5,https://jira-rh1-manual.apps.rh1-manual.w4p5.p1.openshiftapps.com/rest/api/2/project,470,0,0
1605166908443,10197,Get all issues in Project,200,,Thread Group 1-11,text,true,,839986,274,4,4,https://jira-rh1-manual.apps.rh1-manual.w4p5.p1.openshiftapps.com/rest/api/2/search?jql=project=ORG,4430,0,864
1605166916885,1870,Get all projects,200,,Thread Group 1-5,text,true,,794509,259,4,4,https://jira-rh1-manual.apps.rh1-manual.w4p5.p1.openshiftapps.com/rest/api/2/project,434,0,0
1605166918641,451,Get Issue,200,,Thread Group 1-11,text,true,,17584,266,3,3,https://jira-rh1-manual.apps.rh1-manual.w4p5.p1.openshiftapps.com/rest/api/2/issue/JIRA-126,448,0,0
1605166919093,350,Get Project,200,,Thread Group 1-11,text,true,,32016,264,3,3,https://jira-rh1-manual.apps.rh1-manual.w4p5.p1.openshiftapps.com/rest/api/2/project/JIRA,349,0,0
1605166918464,1804,Get all projects,200,,Thread Group 1-10,text,true,,794389,259,3,3,https://jira-rh1-manual.apps.rh1-manual.w4p5.p1.openshiftapps.com/rest/api/2/project,393,0,0
1605166919444,1654,Get all projects,200,,Thread Group 1-11,text,true,,794422,259,2,2,https://jira-rh1-manual.apps.rh1-manual.w4p5.p1.openshiftapps.com/rest/api/2/project,417,0,0
1605166917735,4576,Get all projects,200,,Thread Group 1-9,text,true,,794486,259,1,1,https://jira-rh1-manual.apps.rh1-manual.w4p5.p1.openshiftapps.com/rest/api/2/project,407,0,0
